{"cameraMode":{"drawMode":0,"name":"Shaded","section":"Shading Mode"},"sceneLighting":false,"audioPlay":false,"sceneViewState":{"showFog":true,"showMaterialUpdate":false,"showSkybox":false,"showFlares":true,"showImageEffects":true,"showParticleSystems":true},"in2DMode":false,"pivot":{"x":-2.384185791015625e-7,"y":0.9157674312591553,"z":0.0000016689300537109376},"rotation":{"x":-0.08271761983633042,"y":0.9139318466186523,"z":-0.2370774745941162,"w":-0.3188755214214325},"size":7.420183181762695,"orthographic":false}