{"cameraMode":{"drawMode":0,"name":"Shaded","section":"Shading Mode"},"sceneLighting":true,"audioPlay":false,"sceneViewState":{"showFog":true,"showMaterialUpdate":false,"showSkybox":true,"showFlares":true,"showImageEffects":true,"showParticleSystems":true},"in2DMode":false,"pivot":{"x":11.041878700256348,"y":1.6222286224365235,"z":-1.932373046875},"rotation":{"x":0.09510504454374314,"y":-0.3406694531440735,"z":0.03466169908642769,"w":0.9347189664840698},"size":119.1171875,"orthographic":false}