{"cameraMode":{"drawMode":0,"name":"Shaded","section":"Shading Mode"},"sceneLighting":true,"audioPlay":false,"sceneViewState":{"showFog":true,"showMaterialUpdate":false,"showSkybox":true,"showFlares":true,"showImageEffects":true,"showParticleSystems":true},"in2DMode":false,"pivot":{"x":-4.873311996459961,"y":21.657196044921876,"z":-19.523099899291993},"rotation":{"x":0.13314054906368257,"y":-0.8609361052513123,"z":0.28855517506599429,"w":0.3972386121749878},"size":372.953369140625,"orthographic":false}